[
  {
    "id": "m1",
    "league": "Premier League",
    "teams": [
      "Arsenal",
      "Liverpool"
    ],
    "markets": [
      {
        "k": "1",
        "l": "1",
        "o": 2.2
      },
      {
        "k": "X",
        "l": "Draw",
        "o": 3.6
      },
      {
        "k": "2",
        "l": "2",
        "o": 3.0
      }
    ]
  },
  {
    "id": "m2",
    "league": "La Liga",
    "teams": [
      "Real Madrid",
      "Barcelona"
    ],
    "markets": [
      {
        "k": "1",
        "l": "1",
        "o": 2.4
      },
      {
        "k": "X",
        "l": "Draw",
        "o": 3.3
      },
      {
        "k": "2",
        "l": "2",
        "o": 2.85
      }
    ]
  },
  {
    "id": "m3",
    "league": "NBA",
    "teams": [
      "Lakers",
      "Celtics"
    ],
    "markets": [
      {
        "k": "1",
        "l": "LAL",
        "o": 1.95
      },
      {
        "k": "2",
        "l": "BOS",
        "o": 1.95
      }
    ]
  }
]